"","SQWs_Tmin","SQWs_cdd_Tmin","SQWs","SQWs_cdd","SQW_cdd_Tmin","SQW_Tmin","SQW_cdd","SQW_NoPbase","SQW","SQW_Pi_Tmin","SQWs_Pi_Tmin","SQWrs","SQWr","PAWs","PAW","M1Ws","PWTs","WTs","AGSI","SGSI","SM1b","SM1","PA","PAb","M1s","TTs","M1","PTT","PTTs","TT","UM1","LIN","AT","PM1","PM1b","SQ","SQb","WT","M1W","PWT","GRP","SQWs_SM","SQWrs_SM","SQWr_SM","PAW_SM","PAWs_SM","SQW_SM","M1Ws_SM","PWTs_SM","WTs_SM","WT_SM","M1W_SM","PWT_SM"
"ahwahnee_2010",-8,-8,-3,-9,-8,-8,-2,-2,-2,-1,3,14,23,7,8,53,53,52,4,2,2,0,-5,-2,-6,4,-5,0,2,1,-9,5.05401293995135,-2,0,0,1,0,62,62,62,-45,-7,9,13,-5,-7,-6,33,32,34,38,38,39
"ahwahnee_2011",-9,-11,-3,-6,8,8,3,3,3,7,11,22,24,4,11,66,66,66,10,11,-1,-3,1,7,0,11,2,1,5,4,-2,10.5324258773445,0,1,0,4,4,69,69,69,-33,-3,2,7,-2,-3,-2,53,53,56,54,54,54
"ahwahnee_2013",5,4,2,4,2,2,5,5,5,8,-14,-1,-1,4,-9,-1,-1,-1,-13,-3,8,6,8,10,5,11,6,6,8,7,0,9.87520510546392,4,6,6,7,7,50,50,50,-37,0,-9,-7,6,5,6,25,24,25,32,32,33
"ahwahnee_2014",-11,-12,-13,-12,1,1,-9,-9,-9,-6,-3,16,16,-12,-8,10,3,2,7,6,11,8,3,6,1,16,3,9,12,13,4,14.0411953569695,8,8,8,14,13,39,39,39,-43,-3,10,12,0,-1,0,23,22,22,27,27,29
"ahwahnee_2015",30,29,31,31,1,1,34,34,34,36,12,24,24,30,15,14,12,13,10,-10,35,34,34,36,23,36,31,33,33,35,22,33.4181780984241,35,33,33,35,36,64,64,55,-20,19,22,22,35,34,35,32,31,31,43,43,45
"ahwahnee_2016",6,4,5,2,-7,-7,-9,-9,-9,-5,-1,14,13,-4,-15,6,-3,-3,8,-1,11,9,15,17,12,13,11,10,11,11,11,13.0059418099645,8,10,10,12,11,17,17,18,-31,-7,3,0,-5,-5,11,4,2,0,11,11,13
"ahwahnee_2017",8,7,9,6,5,5,13,13,13,11,14,24,-10,13,14,-2,-2,2,-11,-11,10,8,10,12,7,15,9,9,11,12,4,14.6643334840082,10,9,9,12,12,41,41,41,-34,8,9,7,9,8,8,31,31,32,32,32,34
"ahwahnee_2018",-4,-2,7,-1,-2,-2,-11,-11,-11,-8,-3,14,11,3,-15,-3,-10,-8,17,3,15,14,3,7,3,12,2,11,11,8,7,8.64814672966128,8,11,11,8,9,22,22,22,-31,-2,6,5,-4,1,-2,4,5,7,5,5,8
"ahwahnee_2019",-13,-15,-9,-15,-18,-18,-23,-23,-23,-20,1,9,-1,-10,-30,-28,-30,-29,-30,-28,-1,-5,-13,-10,-12,-8,-15,-8,-8,-7,-10,-9.72391634038911,-8,-8,-8,-6,-6,24,24,24,-51,-7,2,1,-10,-13,-13,7,8,10,5,5,7
"ahwahnee_2020",-7,-7,3,-6,-10,-10,-6,-6,-6,-3,1,15,26,-4,-10,-2,-12,-13,-18,-9,7,3,-3,0,-8,-1,-4,1,0,3,-17,3.27227445612314,1,0,0,3,3,31,31,31,-44,-1,12,16,-6,-7,-7,20,20,21,23,23,24
"bozeman_2017",-8,-9,-10,-10,1,1,-3,-3,-3,0,6,-2,-4,-6,-8,-11,-15,-14,-18,5,-10,-11,-5,-2,-9,-6,-8,-10,-9,-8,-5,-4.81012105569224,-10,-10,-10,-8,-8,34,34,34,-50,-11,-12,-15,-7,-8,-7,12,11,11,16,16,18
"bozeman_2019",-9,-10,-9,-10,-2,-2,-3,-3,-3,-9,7,-3,-3,-10,-7,-6,-13,-11,-18,-1,-11,-13,-5,-2,-9,-6,-7,-11,-9,-8,-8,-4.70765026798779,-9,-11,-11,-8,-8,45,45,45,-52,-10,-15,-25,-8,-10,-9,12,10,11,22,22,23
"butte_2009",-6,-6,-6,-6,-11,-11,-10,-10,-10,-8,-7,-14,-14,-6,-18,-14,-15,-15,4,-20,-3,-5,-1,3,0,3,-3,-3,-2,-2,-13,1.14878600262591,-5,-3,-4,-1,-2,24,24,24,-52,-26,-18,-19,-33,-31,-5,-13,-15,-16,2,2,5
"butte_2010",-12,-12,-19,-14,-7,-7,-6,-6,-6,-3,-1,22,22,-20,-8,-5,-10,-12,1,4,19,16,4,6,4,9,0,11,10,11,22,5.8999620985939,11,11,11,11,11,37,37,32,-34,8,26,26,14,14,12,17,14,13,17,17,17
"butte_2012",-14,-7,-16,-10,4,4,3,3,3,5,9,21,27,-14,-7,1,1,0,4,3,26,24,9,10,9,13,9,15,14,13,12,10.4590519697504,16,15,15,13,14,28,28,28,-42,-17,21,22,2,1,12,-5,-7,-9,6,6,7
"butte_2013",-8,-8,-16,-10,2,2,-3,-3,-3,1,3,11,12,-23,-5,-4,-5,-11,-4,10,7,6,5,6,-2,4,1,3,3,5,2,5.25056936214042,6,3,3,5,6,13,13,13,-46,-15,6,2,-9,0,6,-11,-15,-20,-2,-2,0
"butte_2014",0,1,3,5,-1,-1,31,31,31,28,1,16,16,-3,11,13,7,5,8,10,19,18,19,21,8,19,16,16,17,19,35,15.9645599217765,19,16,16,19,19,71,71,65,-78,-9,11,9,15,28,28,3,1,-2,12,12,14
"butte_2015",-4,-4,-6,-5,-2,-2,1,1,1,4,-3,6,14,-7,4,44,32,32,-2,6,-2,-4,0,3,4,14,3,0,5,-1,-1,10.9970712913598,-5,0,0,-1,-1,66,66,66,-22,-7,-4,0,-2,-3,-3,36,34,34,46,46,48
"butte_2016",-2,-2,-2,-2,13,13,7,7,7,5,14,5,3,-3,14,41,36,35,10,15,2,1,1,5,5,16,5,5,9,6,-1,13.2054349218881,1,5,5,6,5,73,73,73,-16,-2,-4,-8,0,-1,-1,41,42,45,42,42,44
"butte_2017",-11,-13,-6,-10,-6,-6,-2,-2,-2,-3,-1,37,39,-6,5,42,39,39,3,4,8,8,-3,0,-1,21,1,11,15,10,-8,17.0040211539531,2,11,11,11,9,86,86,86,-27,-7,11,12,-7,-9,-9,34,32,33,38,38,41
"butte_2018",-6,-7,-6,-7,9,9,1,1,1,9,14,4,6,-15,9,23,16,21,-3,10,-3,-5,0,3,0,8,0,-2,0,0,-5,3.9434723798332,-4,-2,-2,0,0,58,58,58,-26,-6,-6,-8,-2,-4,-3,32,31,33,37,37,38
"butte_2019",-6,-6,-7,-7,-3,-3,0,0,0,2,0,13,17,-9,1,30,30,29,-4,4,0,-2,-1,2,2,17,2,3,8,5,-2,16.328332257646,-3,3,3,5,3,63,63,63,-11,-8,2,4,-3,-5,-4,37,37,40,40,40,43
"butte_2020",1,0,5,-1,-6,-6,12,12,12,14,12,20,21,17,17,39,41,43,12,2,13,12,8,12,8,24,9,14,16,16,11,20.8294531131722,12,14,14,16,15,71,71,71,-9,1,7,4,2,0,1,28,28,30,30,30,34
"coaloilpoint_2009",-7,-8,-1,-6,0,0,5,5,5,5,0,25,25,-1,6,26,22,22,0,9,6,4,4,8,1,19,7,8,11,8,0,15.8694053698143,3,8,8,9,8,64,64,64,-13,-2,3,0,-18,-16,-6,24,24,25,26,26,29
"coaloilpoint_2011",-12,-13,-9,-12,10,10,4,3,4,3,12,-4,-4,3,9,39,30,29,0,-6,-1,-5,0,5,4,11,3,1,5,4,2,11.1677017096674,-2,1,1,4,4,51,51,51,-21,-10,-9,-12,-10,-12,-12,43,44,47,37,37,39
"cperuvb_2016",-5,-6,-2,-6,2,2,-3,-3,-3,-5,-2,22,22,5,-2,21,21,21,-1,8,6,7,-3,-1,0,12,-1,6,8,4,-13,9.13002893169329,0,6,6,5,5,43,43,43,-14,-4,8,6,-7,-6,-6,22,24,29,18,18,21
"cperuvb_2017",-3,-3,1,-3,-2,-2,0,0,0,1,5,19,28,5,1,29,24,23,0,6,9,7,-1,1,-1,15,1,8,10,7,-3,10.6690718526724,2,8,8,8,7,68,68,68,-13,-6,11,6,-7,-3,-2,21,21,22,23,23,26
"cperuvb_2018",-3,-5,1,-7,1,1,2,2,2,5,9,19,22,6,6,22,22,22,0,4,7,4,1,5,2,9,3,6,8,7,2,12.2319407101934,3,6,6,7,7,60,60,60,-26,-6,5,3,0,-3,0,28,26,26,35,35,37
"cperuvb_2019",14,13,12,12,4,4,7,7,7,9,12,7,7,14,1,1,1,7,6,15,3,2,-12,-11,-7,-8,-6,-4,-7,0,-5,-3.33451449763646,3,-4,-4,0,1,9,9,9,-37,11,9,16,11,10,10,12,10,10,6,6,6
"forbes_2018",4,4,4,4,8,8,7,7,7,9,12,-2,6,-2,3,-2,-3,-5,3,16,0,-1,5,6,-10,-6,-1,-2,-4,1,-14,4.76325758043095,1,-2,-2,1,1,44,44,38,-50,4,-2,-4,6,6,7,11,8,6,7,7,8
"forbes_2019",0,0,-9,-4,-7,-7,9,9,9,17,-1,8,13,-14,9,16,12,4,1,22,-3,-3,-6,-4,-17,-7,-11,-8,-9,-8,-4,-5.18908110458156,-7,-8,-8,-8,-7,23,23,23,-50,-3,3,7,3,2,3,8,5,3,5,5,5
"forbes_2020",2,2,-6,2,0,0,5,5,5,2,-5,1,15,-17,2,4,-7,-14,-2,15,-3,-6,0,0,-11,-11,-6,-9,-9,-5,1,-2.3631392370892,-2,-9,-9,-5,-4,27,27,26,-35,6,0,2,9,10,8,2,-1,-3,-1,-1,0
"freemangrass_2013",6,7,7,13,-1,-1,-7,-7,-7,-2,2,9,9,-4,-12,-11,-13,-16,3,20,-4,-4,-10,-9,-10,-12,-6,-9,-10,-6,-2,-4.76920563392702,-1,-9,-9,-6,-4,19,19,13,-41,14,0,3,15,15,15,3,1,-1,-5,-5,-4
"gatesofthemountains_2002",14,26,21,22,-5,-5,-9,-9,-9,-4,13,4,25,7,-11,-5,-5,-1,-2,12,7,6,-14,-14,-7,-5,-3,0,-4,-1,-3,-2.8673478679666,4,0,0,0,1,25,25,16,-30,22,14,21,16,16,16,7,5,3,-3,-3,-3
"gatesofthemountains_2003",2,2,-8,1,2,2,4,4,4,6,9,22,22,-4,0,6,4,-8,4,27,7,6,-9,-15,-8,-6,-3,0,-3,-3,6,-5.94468395607666,1,0,0,-3,-2,22,22,22,-42,22,13,17,7,11,6,-3,-5,-7,-2,-2,-2
"gatesofthemountains_2005",4,4,1,4,6,6,7,7,7,10,12,5,23,-4,1,-12,-15,-18,5,14,6,5,5,5,-6,-1,0,2,0,3,-4,8.5343295409597,5,2,2,4,4,14,14,11,-43,12,10,10,7,7,6,13,10,8,5,5,6
"gatesofthemountains_2006",8,8,2,7,0,0,14,14,14,8,17,-8,-5,-3,8,17,17,10,6,27,-6,-9,-15,-15,-14,-12,-9,-13,-14,-9,2,-8.00783326390561,-5,-13,-13,-9,-7,25,25,24,-42,6,-3,4,13,9,13,10,7,5,4,4,4
"gatesofthemountains_2008",5,5,-1,3,-2,-2,15,15,15,21,7,19,25,-8,11,16,11,10,5,15,5,4,4,5,-6,2,-2,1,0,1,1,4.64839790855179,2,1,1,1,2,33,33,33,-40,3,10,17,13,12,13,15,12,10,16,16,16
"gatesofthemountains_2012",6,7,-1,4,6,6,9,10,9,-1,1,6,10,-13,7,6,6,-2,0,17,0,-2,5,4,-9,-7,-2,-5,-5,-1,2,1.25976848627843,1,-5,-5,-1,0,31,31,31,-32,9,3,4,12,13,11,2,0,-3,2,2,3
"gatesofthemountains_2013",13,13,12,18,2,2,-4,-4,-4,0,3,10,13,-4,-5,4,-3,-5,3,23,2,1,-3,-2,-3,-5,-2,-3,-4,0,8,0.137520811094873,4,-3,-3,0,1,27,27,27,-34,14,6,5,20,21,18,4,3,2,-1,-1,0
"gatesofthemountains_2014",46,45,41,44,9,9,5,5,5,8,17,19,24,27,6,17,17,19,14,28,29,28,7,7,14,16,18,21,18,21,23,18.2569696574333,25,21,21,21,22,25,25,25,-8,42,34,38,38,37,36,26,25,23,16,16,17
"gatesofthemountains_2015",14,14,1,12,25,25,18,18,18,20,22,35,38,-1,17,29,29,14,18,42,19,18,1,2,5,6,8,12,9,9,11,5.93851683222505,13,12,12,9,10,40,40,40,-25,36,25,31,20,23,23,13,11,9,13,13,13
"gatesofthemountains_2016",1,4,-3,-1,6,6,2,2,2,5,1,13,17,-12,1,7,5,-1,4,15,6,5,5,6,-6,-1,1,2,0,4,-7,8.6557575861445,5,2,2,4,5,17,17,17,-16,8,8,9,5,6,6,3,0,-3,4,4,5
"gatesofthemountains_2017",7,8,5,8,17,17,18,18,18,20,24,23,39,1,9,18,10,7,26,18,26,25,27,29,24,27,25,24,23,25,11,24.275603968461,25,24,24,25,25,58,58,58,-7,26,29,26,27,26,26,35,36,41,36,36,38
"grandrivergrass_2016",8,12,2,11,-2,-2,-8,-8,-8,-5,-6,4,3,-5,-9,1,-2,-4,1,11,13,11,18,18,13,11,16,10,11,9,15,10.3369723725797,8,10,10,9,9,33,33,33,-4,11,5,2,19,17,18,28,28,32,35,35,37
"grandrivergrass_2018",3,4,2,3,4,4,1,1,1,4,6,19,9,-2,-10,-11,-14,-13,-2,5,0,-3,5,7,6,2,6,0,2,1,4,3.12607997590447,2,0,0,1,2,40,40,40,-14,5,1,2,5,5,5,31,32,38,36,36,37
"hartprairie_2016",-3,3,3,5,0,0,-5,-4,-5,-8,3,15,0,-1,-10,-3,-11,-9,-4,-1,20,20,12,16,16,16,14,17,16,16,15,15.1269109392188,17,16,16,16,17,16,16,16,-3,33,21,21,27,25,26,30,32,39,26,26,28
"ibp_2014",-10,-10,-1,-1,-14,-14,-20,-20,-20,-17,-9,6,6,-9,-22,-12,-23,-22,-1,-6,21,20,11,12,10,8,11,14,12,13,18,7.04613580359313,14,14,14,13,14,23,23,20,-10,17,24,24,16,15,15,12,13,19,12,12,15
"ibp_2015",-5,-3,-6,-5,-11,-11,-10,-5,-10,-14,5,13,3,-11,-14,-19,-24,-23,-21,-7,1,-1,3,4,1,-6,2,-3,-3,-3,-4,-1.76994783728298,-1,-3,-3,-3,-2,20,20,20,-28,5,3,6,5,4,4,13,14,18,16,16,18
"ibp_2016",6,6,-2,4,-7,-7,-10,-10,-10,-30,-19,-26,-26,-15,-12,-18,-25,-21,-31,-5,-8,-12,9,11,4,-10,5,-8,-7,-5,7,-3.24323336623192,-5,-8,-8,-5,-5,34,34,34,-15,-2,-12,-15,8,7,9,20,20,25,30,30,31
"ibp_2017",-4,0,2,0,-10,-10,-14,-14,-14,-15,-9,1,-3,-5,-22,-12,-23,-21,-5,-22,-6,-8,3,7,-2,-5,3,-6,-6,-1,-4,-0.388627100259612,-1,-6,-6,-1,0,5,5,5,-11,0,-4,-5,7,0,0,17,17,22,21,21,22
"jasperridge_2013",-1,-2,-4,-3,-13,-13,-19,-19,-19,-14,-13,-20,-3,-6,-20,-3,-11,-12,-24,-6,-6,-6,3,5,1,0,0,-5,-4,-6,4,-4.85597314125781,-7,-5,-5,-6,-6,11,11,12,-12,0,-6,-6,1,0,1,21,22,28,25,25,26
"jasperridge_2014",4,4,-6,2,24,24,31,31,31,33,17,27,28,-10,19,21,21,14,20,38,16,16,5,6,-5,6,3,9,6,5,-4,6.09950809427195,9,9,9,5,6,29,29,29,-13,-13,19,20,14,23,17,-13,-19,-24,1,1,2
"jasperridge_2015",28,28,26,27,31,31,29,29,29,22,42,41,37,19,31,1,1,1,26,45,10,45,30,30,36,38,41,40,39,40,37,43.5681742316383,44,40,40,40,41,37,37,37,29,42,5,8,17,40,43,1,1,-2,-4,-4,-2
"jasperridge_2016",4,5,2,8,-3,-3,-3,-3,-3,2,-10,-4,-3,-10,-11,-25,-25,-25,3,28,-1,-1,-15,-15,-13,-12,-6,-7,-10,-9,-10,-8.3760455800294,-4,-7,-7,-9,-7,-4,-4,-4,-25,-3,-7,-8,8,13,8,-27,-30,-35,-29,-29,-28
"jasperridge_2018",-12,-12,-10,-14,2,2,3,4,3,8,-5,3,32,-7,-5,0,0,5,-1,14,11,11,-18,-24,-3,-3,1,4,-1,-1,-9,-2.13152945444284,4,4,4,-1,0,4,4,3,-10,33,18,22,15,16,10,-4,-7,-10,-14,-14,-13
"jasperridge_2019",-4,-3,-12,-4,19,19,27,27,27,37,3,11,32,-13,11,8,3,-6,14,32,12,11,-10,-10,-8,-3,2,3,0,-2,-9,-3.81562617060084,3,3,3,-2,-1,15,15,15,-9,1,10,11,3,14,4,-20,-24,-28,-16,-16,-16
"kansas_2013",-6,-6,-4,-2,2,2,38,38,38,43,17,8,8,-13,17,-3,-3,-12,18,44,16,16,4,4,1,4,5,9,5,7,7,11.3998648424375,12,9,9,7,9,31,31,23,-28,30,22,19,13,24,17,0,-3,-7,-7,-7,-6
"kansas_2014",-10,-11,-8,-11,-11,-11,-4,-4,-4,-28,-26,-15,-13,-2,4,3,3,4,-16,-4,-6,-9,-6,-4,-8,-1,-5,-7,-5,-8,-12,-2.94764709526561,-9,-7,-7,-8,-7,45,45,41,3,-10,-12,-16,-8,-10,-9,23,24,27,24,24,26
"kansas_2015",-29,-30,-27,-30,-33,-33,-24,-24,-24,-26,-29,-29,-33,-19,-18,-25,-24,-21,-29,-26,-25,-25,-29,-28,-32,-21,-28,-26,-25,-26,-31,-22.4658328779725,-27,-26,-26,-26,-26,27,27,26,-26,-28,-19,-20,-29,-30,-29,-6,-6,-3,-5,-5,-3
"kansas_2016",-5,-8,2,-8,-26,-26,-20,-20,-20,-16,-8,-6,-7,10,-24,-17,-20,-16,-30,-18,1,-2,-13,-8,-7,-5,-9,-5,-5,0,-5,-5.02082270772354,-1,-5,-5,0,1,13,13,13,-11,0,-8,-8,-5,-8,-8,5,8,13,-4,-4,-1
"kansas_2017",-20,-20,-13,-20,-8,-8,-15,-15,-15,-12,-6,18,18,-10,-18,-11,-19,-16,-26,-4,-8,-8,-16,-12,-13,-8,-16,-10,-10,-9,-10,-11.2183573960203,-11,-10,-10,-9,-9,25,25,25,-8,-14,-11,-11,-19,-20,-20,-2,-1,3,-3,-3,-1
"kansas_2018",-1,-2,0,-2,-4,-4,2,2,2,3,6,-20,-21,8,-4,-8,-8,-5,-20,-6,-1,-3,0,1,-5,2,-1,-2,-2,0,-7,0.150646224390613,-1,-2,-2,0,0,44,44,44,-4,-1,-10,-11,0,-2,-1,20,21,24,21,21,23
"kansas_2019",-2,-2,-1,-2,9,9,5,5,5,8,-4,3,3,11,-8,5,6,11,-31,-24,6,4,5,8,5,10,4,5,6,6,1,8.77567289890567,2,5,5,6,6,13,13,13,16,-3,-1,-5,3,1,2,29,31,36,25,25,28
"kendall_2012",-20,-21,-19,-21,-23,-23,-15,-15,-15,-18,-9,-30,-44,-13,-23,-21,-14,-6,-52,-81,-17,-19,-17,-15,-19,-14,-18,-18,-17,-17,-28,-14.4677629758877,-19,-18,-18,-17,-17,41,41,41,-10,-21,-26,-27,-19,-20,-20,8,9,13,6,6,8
"kendall_2014",-17,-18,-13,-19,-18,-18,-20,-20,-20,-17,-10,13,-10,-12,-22,-11,-13,-12,-24,-11,-1,-4,-13,-8,-14,-1,-12,-5,-4,-2,-14,-3.77221787404707,-4,-5,-5,-2,-2,34,34,34,0,-10,-5,-8,-16,-17,-17,6,7,12,1,1,4
"kendall_2015",-22,-23,-10,-22,-17,-17,-12,-13,-12,-11,-5,-7,-12,3,-6,-9,-5,2,-13,-8,-9,-11,-16,-10,-11,-8,-15,-10,-9,-9,-20,-7.63117346890368,-12,-11,-11,-9,-9,45,45,44,-7,-15,-12,-13,-22,-22,-22,18,19,24,19,19,20
"kendall_2016",8,7,9,7,-10,-10,14,14,14,14,28,1,0,20,13,3,5,10,4,-1,9,9,7,8,1,9,6,7,6,8,-3,6.60738428492434,8,7,7,8,9,55,55,53,16,8,14,14,7,7,7,25,25,28,25,25,26
"kendall_2017",-7,-9,-5,-7,-4,-4,-12,-12,-12,-6,-26,-9,-12,5,-27,-13,-14,-13,-31,-17,-5,-6,-6,-5,-10,-6,-10,-8,-9,-9,-10,-9.60612752926764,-10,-8,-8,-8,-8,18,18,18,1,-7,-12,-13,-4,-5,-4,11,12,16,6,6,8
"kendall_2018",-6,-7,1,-6,-5,-5,2,2,2,0,6,23,8,11,16,8,13,17,-1,-5,-2,-4,-4,-2,-5,1,-4,-4,-3,-1,-8,0.795850159480267,-2,-4,-4,-1,-1,50,50,50,-9,-3,3,6,-5,-6,-5,22,23,27,23,23,24
"konza_2013",-3,-6,8,2,-18,-18,-8,-8,-8,-33,-21,-23,-24,15,-20,-26,-25,-14,-30,-62,1,1,-9,-6,-6,-5,-10,-4,-5,-7,-6,-8.12284402140139,-6,-4,-5,-7,-6,-10,-10,-10,5,7,4,3,-5,-7,-8,7,8,13,-3,-3,0
"konza_2014",-16,-17,-6,-14,-19,-19,-22,-22,-22,-16,-38,-29,-29,1,-36,-37,-40,-37,-37,-38,-11,-12,-19,-18,-23,-18,-22,-16,-18,-17,-17,-23.0222221221461,-16,-16,-16,-17,-16,-6,-6,-6,-9,-9,-6,-6,-14,-15,-15,-7,-7,-3,-12,-12,-10
"konza_2015",-25,-26,-14,-25,-33,-33,-13,-13,-13,-14,-8,-10,-15,-10,-3,-15,-4,4,-16,-27,-15,-17,-24,-18,-27,-22,-25,-20,-21,-19,-37,-18.6488295138237,-20,-20,-20,-18,-18,14,14,14,-8,-15,-11,-6,-26,-27,-27,1,1,4,1,1,3
"konza_2016",-13,-13,-13,-14,0,0,-6,-6,-6,-5,-6,-3,-8,-4,-1,1,11,19,-16,0,-14,-15,-8,-7,-14,-12,-12,-15,-14,-13,-10,-10.0068153387708,-14,-15,-15,-12,-12,34,34,34,2,-14,-14,-13,-11,-12,-12,13,13,17,15,15,16
"konza_2017",-31,-32,-26,-32,-41,-41,-19,-19,-19,-29,-19,-19,-20,-18,-25,-20,-19,-16,-37,-36,-22,-26,-27,-21,-27,-23,-29,-25,-24,-22,-19,-20.7579706595193,-25,-26,-26,-22,-21,22,22,22,-18,-28,-18,-19,-31,-32,-32,6,5,6,6,6,7
"konza_2018",-25,-26,-19,-26,-31,-31,-17,-17,-17,-18,-4,-19,-19,-10,-1,12,23,26,-19,-31,-14,-17,-24,-20,-26,-19,-25,-18,-18,-16,-25,-14.0766331131792,-18,-18,-18,-16,-16,30,30,30,0,-21,-10,-5,-25,-26,-26,17,17,18,13,13,13
"lethbridge_2012",-20,-20,-20,-21,-19,-19,-13,-13,-13,-12,-4,-16,-16,-14,-9,-3,-3,-4,-22,-9,-21,-22,-15,-13,-19,-17,-20,-22,-20,-20,-13,-16.4128628518008,-23,-22,-22,-20,-20,45,45,45,-6,-22,-20,-20,-18,-19,-19,17,16,17,15,15,16
"lethbridge_2013",-12,-14,-11,-14,-10,-10,-5,-6,-5,-7,8,-1,-3,-8,6,21,23,23,-11,-17,-11,-14,-8,-5,-10,-7,-10,-12,-9,-7,-11,-3.90515473916116,-10,-12,-12,-7,-7,45,45,45,14,-12,-10,-15,-12,-14,-13,27,25,25,31,31,32
"lethbridge_2014",-19,-20,-20,-20,-22,-22,-15,-15,-15,-15,-20,-24,-24,-15,-8,-2,2,6,-24,-14,-19,-20,-16,-14,-18,-14,-18,-19,-17,-16,-30,-11.1786752020765,-18,-19,-19,-16,-16,37,37,37,4,-22,-27,-29,-18,-19,-19,7,3,0,24,24,24
"lethbridge_2015",20,20,6,17,31,31,24,24,24,26,28,41,44,4,23,35,29,15,24,48,25,25,8,9,12,12,15,19,15,16,18,12.7694973482033,20,19,19,16,17,46,46,45,29,43,32,37,27,30,29,19,17,15,19,19,19
"lethbridge_2016",-6,-6,-10,-7,-1,-1,-5,-5,-5,-2,-6,6,9,-18,-7,-2,-3,-16,-4,7,-1,-1,-2,-1,-11,-7,-6,-4,-6,-2,-15,2.43047822264047,-1,-5,-5,-2,-2,10,10,10,14,1,2,3,-2,0,0,-4,-7,-10,-3,-3,-2
"lethbridge_2017",14,14,8,13,6,6,21,21,21,15,25,-2,0,-4,12,0,1,1,8,33,-2,-5,-2,-2,-8,-7,-4,-8,-9,-4,7,-2.56305349732776,1,-8,-8,-4,-2,24,24,24,12,14,2,10,20,15,20,17,15,13,12,12,12
"lethbridge_2018",-19,-18,-22,-15,-8,-8,-12,-12,-12,-25,-13,-24,-18,-38,-18,-13,-20,-20,-21,-2,-20,-23,-1,0,-8,-23,-5,-19,-19,-17,-8,-12.2863357238835,-16,-19,-20,-16,-16,5,5,5,-29,-13,-26,-27,-11,-15,-2,-15,-17,-17,-6,-7,-3
"lethbridge_2019",-11,-11,-15,-12,-14,-14,-12,-12,-12,-15,-5,-9,-9,-26,-14,-9,-18,-18,-22,-3,-18,-21,-5,-3,-7,-21,-8,-18,-19,-14,-6,-11.3350074135136,-15,-18,-18,-14,-14,19,19,19,-1,-13,-28,-29,-6,-8,-7,10,9,11,12,12,14
"lethbridge_2020",-16,-16,-23,-18,-8,-8,-13,-13,-13,-9,-7,-36,-9,-37,-27,-12,-22,-21,-8,-7,-16,-18,-6,-5,-11,-15,-7,-15,-15,-12,-7,-8.4457670439873,-13,-16,-16,-12,-12,11,11,11,9,-12,-27,-31,-6,-7,-6,12,11,14,11,10,12
"marena_2013",-11,-2,-10,-4,5,5,4,4,4,-22,-11,-17,-17,-25,-12,-17,-19,-19,-18,5,-16,-19,2,4,-5,-19,-3,-16,-16,-13,-2,-7.98885901402912,-13,-16,-16,-13,-12,21,21,21,-24,-10,-28,-32,1,0,2,-6,-9,-10,13,13,15
"marena_2014",-3,-4,-6,-5,-1,-1,-10,-9,-10,-11,0,-1,2,-12,-11,2,-2,-5,-17,3,-12,-15,0,4,-4,-14,-3,-13,-13,-8,-5,-4.80059332602096,-8,-13,-13,-8,-7,23,23,23,12,-7,-9,-10,0,-3,-2,18,17,19,23,23,24
"marena_2015",-16,-8,-12,-9,-33,-33,-34,-34,-34,-51,-50,-47,-46,-24,-38,-35,-37,-31,2,-35,-11,-13,-5,-4,-8,-12,-7,-12,-12,-8,-3,-6.04661840120784,-10,-12,-12,-8,-9,-11,-11,-11,11,-9,-26,-27,-5,-6,-6,11,11,14,9,9,11
"marena_2016",-15,-14,-18,-17,-1,-1,-6,-5,-6,-9,13,-14,-13,-30,-12,-6,-10,-3,-16,-4,7,4,16,17,12,1,14,5,5,7,13,8.56796082036334,8,5,5,7,8,41,41,41,29,12,-6,-12,18,17,18,16,15,18,20,20,23
"marena_2017",-12,-9,-19,-11,-4,-4,-7,-6,-7,-15,-3,-10,-3,-31,-9,-3,-8,-10,-11,8,-10,-14,8,9,2,-14,4,-10,-10,-7,1,-2.96162424709507,-7,-10,-10,-7,-7,14,14,14,13,-5,-15,-16,-2,-2,8,-6,-8,-9,4,4,7
"marena_2018",0,0,-2,-1,-3,-3,-2,-2,-2,-5,-2,2,4,-15,-3,4,-5,-5,-12,8,-8,-11,5,8,4,-11,2,-8,-8,-4,4,-0.779137519517093,-4,-8,-8,-4,-3,30,30,30,14,-2,-15,-17,4,2,3,23,22,24,25,25,27
"monture_2002",-10,-9,-18,-11,-1,-1,-6,-6,-6,-2,0,-16,-2,-33,-19,-2,-13,-14,1,1,-9,-11,1,2,-4,-8,0,-9,-8,-5,0,-1.48944918606264,-7,-9,-9,-5,-5,18,18,18,16,-5,-19,-23,1,0,1,20,20,22,20,20,22
"monture_2003",-12,-11,-19,-13,1,1,-1,0,-1,2,6,18,24,-17,-10,-2,-2,-3,1,0,22,20,5,7,5,9,6,12,10,10,8,7.03990736913633,12,12,12,10,11,25,25,25,35,-29,16,16,-11,-6,1,-14,-17,-22,-2,-2,1
"monture_2004",-10,-9,-14,-11,2,2,-4,-4,-4,-1,2,10,11,-22,-6,-4,-6,-11,-7,9,5,4,4,5,-4,3,-1,2,1,4,1,3.82071668778804,5,2,1,4,5,12,12,12,29,-27,3,-1,-15,-8,3,-19,-25,-32,-5,-5,-3
"monture_2005",-7,-5,-4,3,-8,-8,30,30,30,20,-7,8,9,-8,7,6,1,-2,1,3,12,10,12,14,1,12,8,8,10,11,28,8.57872932834829,12,8,8,12,12,64,64,64,31,-27,3,1,-5,20,14,-9,-12,-18,5,4,6
"monture_2006",-19,-18,-21,-21,11,11,6,6,6,10,1,6,22,-27,11,6,5,-2,17,37,19,18,-2,-4,0,4,8,10,7,4,-1,3.00318642296986,9,10,10,4,5,22,22,22,28,15,17,19,7,4,7,-12,-15,-19,-11,-11,-11
"monture_2008",-25,-25,-31,-26,-1,-1,-3,-3,-3,1,4,8,8,-36,-5,-22,-26,-31,11,11,22,22,9,9,7,10,12,16,12,13,11,18.0447590558016,19,16,16,13,15,12,12,12,38,-5,12,11,-7,1,10,-20,-23,-29,-16,-16,-14
"monture_2009",4,5,-3,4,16,16,20,20,20,24,23,28,35,-12,16,13,11,4,16,40,11,-33,-17,-17,-2,3,5,5,3,3,-4,4.22660556470919,7,5,5,3,5,34,34,34,26,30,17,21,23,23,22,12,7,3,1,1,2
"monture_2010",23,24,19,26,21,21,19,19,19,25,26,35,35,13,5,-10,-16,-20,20,40,-28,-32,-2,-2,-2,3,3,6,2,3,-5,4.58479157620398,10,6,6,3,5,7,7,1,26,17,17,19,16,20,15,-10,-13,-18,-19,-19,-18
"monture_2011",19,18,14,17,-6,-6,-13,-13,-13,-8,-3,3,5,6,-13,1,-1,-3,-4,10,3,1,-4,-14,-9,-10,-5,-4,-8,-2,1,-4.85670022847492,2,-4,-4,-2,-1,5,5,5,17,13,7,8,10,10,10,4,3,3,-3,-3,-3
"monture_2012",4,4,0,3,8,8,8,8,8,9,13,-9,-9,-10,1,-11,-18,-20,-1,12,0,-1,4,5,-8,-6,0,-3,-4,1,-3,5.17662322061483,2,-3,-3,1,2,44,44,44,23,1,-5,-7,7,6,7,2,0,-2,1,1,2
"monture_2013",26,26,19,25,22,22,31,31,31,30,32,9,12,9,24,12,14,14,19,47,6,3,12,13,8,3,9,2,1,8,15,9.37287747157066,12,1,1,8,9,41,41,41,26,21,11,13,29,27,29,30,29,29,24,24,24
"monture_2014",10,11,5,9,7,7,3,3,3,3,-15,-7,-1,1,-12,-10,-7,-7,-5,8,7,5,5,5,-3,0,1,2,-2,5,9,2.1653051453294,6,2,2,5,5,12,12,12,24,11,12,11,14,13,14,16,15,14,3,3,4
"monture_2015",-8,-1,-5,-3,-5,-5,-5,-5,-5,-2,0,11,13,-20,-5,7,5,-2,-1,9,0,-2,9,11,7,-5,8,-1,-1,4,17,6.51974993807534,6,-1,-1,4,6,24,24,24,20,9,5,6,21,20,20,10,10,12,12,12,14
"monture_2016",2,3,-2,1,7,7,2,2,2,9,-9,-13,-4,-14,-8,-5,-7,-7,-7,4,0,-2,8,9,2,-6,3,-2,-3,2,3,4.09308702375964,1,-2,-2,2,2,24,24,24,12,2,-5,-7,10,9,10,21,21,26,20,20,22
"monture_2017",5,4,2,3,6,6,0,0,0,-4,7,-12,-5,-13,-17,-15,-17,-12,-18,1,-5,-9,3,3,1,-11,2,-7,-7,-5,0,-3.56050584737315,-4,-7,-7,-5,-4,28,28,28,17,1,-4,-6,7,6,7,19,21,25,19,19,20
"monture_2018",-13,-7,-15,-9,-12,-12,-8,-8,-8,-4,-22,-27,-27,-34,-18,-21,-24,-23,-24,-5,-22,-25,-5,-4,-11,-26,-8,-22,-22,-19,-16,-14.0317914022563,-18,-22,-22,-19,-19,9,9,9,-1,-15,-27,-29,-5,-6,-5,9,7,10,18,18,18
"nationalelkrefuge_2016",1,1,-5,-1,-5,-5,6,6,6,-8,5,-15,0,-13,-1,0,0,-1,-7,7,-11,-14,4,6,4,-15,1,-11,-11,-7,4,-3.93506935785868,-6,-11,-11,-7,-6,26,26,26,5,-5,-9,-10,3,2,3,26,26,29,33,33,34
"nationalelkrefuge_2017",1,1,-3,-1,1,1,-3,-3,-3,-22,-18,-26,-26,-16,-16,-6,-10,-7,-16,2,-9,-12,3,4,-2,-9,2,-9,-8,-6,3,-1.69973158119069,-7,-9,-9,-6,-6,31,31,31,14,-3,-11,-11,3,2,3,31,31,35,37,37,37
"nationalelkrefuge_2018",4,4,4,2,3,3,-3,-3,-3,1,4,4,17,-10,-6,0,0,-1,-4,6,-1,-5,4,5,0,-4,4,-3,-1,4,4,6.0798690676823,3,-3,-3,4,4,24,24,24,19,1,-3,-2,6,5,6,7,4,4,15,15,17
"nationalelkrefuge_2019",-3,-4,-4,-3,-2,-2,3,3,3,5,10,3,5,-5,2,16,15,9,2,16,-7,-10,3,5,2,-9,1,-8,-7,-6,3,-2.18176486883934,-7,-8,-8,-6,-5,47,47,46,20,-7,-5,-2,2,-1,1,15,13,13,25,25,26
"nationalelkrefuge_2020",3,3,-7,0,3,3,7,7,7,10,-4,4,5,-21,-4,5,5,4,-6,11,-4,-6,7,8,1,-3,3,-5,-4,-3,-4,-0.834147178781791,-5,-5,-5,-3,-4,46,46,46,18,-4,-5,-6,2,6,7,3,2,2,7,7,11
"NEON.D06.KONZ.DP1.00033_2017",4,4,3,4,2,2,2,2,2,2,5,11,21,-3,1,12,4,3,-2,12,-1,-3,6,8,5,-2,4,-2,-1,1,8,5.01590012985457,2,-2,-2,1,2,39,39,32,22,3,0,2,5,4,5,27,27,29,27,27,28
"NEON.D06.KONZ.DP1.00033_2018",-11,-6,-4,-8,-23,-23,-25,-25,-25,-25,-17,-8,-8,-25,-30,-34,-36,-32,-30,-28,-6,-8,-5,-4,-6,-15,-6,-10,-11,-8,-3,-9.04451833386815,-7,-10,-10,-8,-7,0,0,0,11,-5,-9,-9,0,0,0,-5,-6,-5,-1,-1,1
"NEON.D06.KONZ.DP1.00033_2019",-8,-9,-16,-10,1,1,-2,-2,-2,-22,-21,-24,-25,-25,-16,-24,-29,-27,-24,3,-23,-25,-5,-2,-13,-25,-10,-22,-22,-19,-11,-14.6337928864205,-19,-22,-22,-19,-19,30,30,29,2,-16,-29,-35,-6,-7,-6,-6,-8,-7,1,1,4
"NEON.D09.DCFS.DP1.00033_2018",27,26,22,27,27,27,30,31,30,28,30,11,26,23,29,42,42,41,24,43,13,10,9,9,4,6,9,6,4,9,20,10.2337235053153,13,6,6,9,10,41,41,41,29,23,17,23,29,28,29,25,23,21,21,21,21
"NEON.D09.DCFS.DP1.00033_2019",19,19,18,19,23,23,20,25,20,24,28,30,35,19,19,31,31,32,19,39,5,3,-3,-3,-8,-2,-5,-2,-5,0,1,-1.87233741552136,3,-2,-2,0,1,32,32,31,22,21,12,20,19,18,19,14,11,10,9,10,9
"NEON.D09.DCFS.DP1.00033_2020",8,7,3,6,-1,-1,11,11,11,12,12,-7,-7,-1,5,-7,-7,-10,5,21,-10,-13,-12,-12,-17,-20,-12,-15,-17,-9,-9,-8.19752858345967,-6,-15,-15,-9,-8,22,22,22,5,3,-6,0,11,8,11,5,2,2,1,1,1
"NEON.D09.NOGP.DP1.00033_2018",18,18,12,16,19,19,20,20,20,22,27,13,13,8,13,12,12,12,14,26,4,1,-2,-1,-7,-8,-6,-4,-7,0,5,-0.00511375311492657,3,-5,-5,0,1,21,21,21,18,12,9,15,18,16,19,15,14,13,11,11,11
"NEON.D09.NOGP.DP1.00033_2019",14,14,12,14,-18,-18,-13,-13,-13,-9,-20,-15,-10,9,-12,-24,-20,-15,5,26,-6,-8,-22,-23,-23,-20,-17,-15,-20,-13,-12,-13.3299139898616,-8,-15,-15,-13,-11,-8,-8,-9,3,10,-1,3,15,14,15,-11,-13,-14,-19,-19,-19
"NEON.D09.NOGP.DP1.00033_2020",4,3,2,2,18,18,10,10,10,16,3,14,23,3,10,23,23,23,5,27,-2,-3,-2,-1,-10,-6,-5,-6,-7,-5,-3,-2.35956043727253,-4,-6,-6,-5,-4,40,40,40,21,3,0,8,6,4,6,16,14,13,11,11,12
"NEON.D09.WOOD.DP1.00033_2017",12,12,7,11,10,10,16,16,16,16,17,-3,9,3,11,13,13,10,9,27,-1,-4,1,1,-3,-8,0,-6,-6,-1,7,2.59362809486205,1,-6,-6,-1,0,35,35,35,14,8,1,6,14,12,14,22,19,18,17,17,17
"NEON.D09.WOOD.DP1.00033_2018",16,16,9,14,16,16,10,10,10,14,-1,-1,19,4,2,4,-2,-6,11,28,-4,-6,-3,-3,-6,-9,-3,-7,-8,-4,5,0.31245900784792,-1,-7,-7,-4,-2,25,25,24,13,8,1,4,18,17,17,13,12,10,8,8,8
"NEON.D09.WOOD.DP1.00033_2019",14,13,20,14,4,4,5,5,5,8,10,17,28,24,8,21,21,25,10,14,5,4,-11,-11,-7,-4,-2,-1,-5,1,-5,-1.24338066902524,4,-1,-1,1,2,28,28,28,-6,14,12,20,11,10,12,13,11,10,9,9,9
"NEON.D09.WOOD.DP1.00033_2020",3,3,16,19,14,14,6,6,6,10,3,15,19,9,1,-8,-8,-8,4,25,1,-1,-11,-11,-13,-11,-8,-7,-8,-8,-3,-10.7095067069292,-5,-7,-7,-8,-7,15,15,15,14,16,5,11,6,4,5,2,0,-2,-4,-4,-4
"NEON.D10.CPER.DP1.00033_2017",20,20,22,22,16,16,28,28,28,30,33,40,41,23,32,41,42,41,22,33,20,19,20,21,10,13,15,16,14,17,9,21.4858976969045,18,16,16,17,18,61,61,61,34,23,21,29,22,21,22,35,32,30,31,31,31
"NEON.D10.CPER.DP1.00033_2018",14,18,18,16,-2,-2,-8,-8,-8,-5,2,9,10,-4,-5,6,4,4,-3,13,8,6,13,13,10,0,12,5,4,10,21,9.68848047559104,13,5,4,10,12,25,25,25,24,18,5,4,24,26,21,8,9,11,4,4,5
"NEON.D10.CPER.DP1.00033_2019",10,10,2,9,11,11,5,5,5,-2,-5,6,14,-1,-1,7,7,4,1,18,-3,-5,-3,-3,-8,-12,-6,-7,-10,-3,-8,-3.58252066308137,-2,-7,-7,-3,-2,39,39,39,17,2,2,5,10,10,10,10,10,11,6,6,7
"NEON.D11.OAES.DP1.00033_2017",5,4,3,4,-1,-1,-2,-2,-2,2,1,11,11,-4,-4,1,0,2,-4,6,2,0,1,2,-2,-4,-1,-2,-3,-2,4,-1.85589193179172,0,-2,-2,-2,-1,22,22,22,22,6,9,12,6,5,6,18,18,20,13,13,14
"NEON.D11.OAES.DP1.00033_2018",10,9,7,8,12,12,18,18,18,27,20,12,23,-3,20,42,33,29,14,29,-2,-6,9,10,3,-5,5,-5,-5,2,10,3.43660467241176,3,-5,-5,2,3,47,47,47,20,6,3,10,12,10,11,34,33,35,35,35,35
"NEON.D11.OAES.DP1.00033_2019",7,7,5,9,21,21,14,15,14,21,-1,0,7,-7,3,7,1,1,3,20,5,2,14,16,5,3,6,2,2,8,9,9.55710355242002,7,2,2,8,8,51,51,51,27,8,9,14,20,19,21,35,35,36,34,34,35
"NEON.D11.OAES.DP1.00033_2020",-18,-12,-20,-13,-7,-7,-10,-10,-10,-5,-4,1,16,-8,-10,-27,-25,-33,14,28,12,14,26,21,3,-1,14,6,2,-6,-20,-2.59070562975343,0,6,6,-6,-5,2,2,2,24,12,13,10,-1,11,-3,-27,-31,-38,-34,-34,-33
"NEON.D13.MOAB.DP1.00033_2019",8,7,27,10,4,4,9,9,9,10,-5,44,47,22,-3,30,28,25,-14,-7,32,30,11,14,7,30,8,26,27,27,5,24.5436551926716,24,26,26,27,27,60,60,60,50,25,30,29,-6,8,7,40,38,33,23,22,25
"NEON.D14.JORN.DP1.00033_2017",-20,-20,-19,-15,-6,-5,-7,-5,-5,-2,12,14,17,14,6,29,29,34,48,65,74,70,81,78,105,106,109,112,109,105,99,103.654818979064,111,112,112,105,107,19,19,22,72,-38,-9,-16,-6,-7,-31,-22,-18,-20,-7,-8,-7
"NEON.D15.ONAQ.DP1.00033_2017",15,15,38,13,1,1,1,1,1,4,5,8,51,48,34,37,35,33,49,42,58,53,72,70,90,88,95,95,92,87,71,85.4123727036939,94,95,95,87,89,51,51,51,111,-16,0,2,-12,-8,-6,-10,-8,-10,-2,-2,-1
"NEON.D15.ONAQ.DP1.00033_2018",40,45,39,44,-1,-1,-1,-1,-1,2,50,9,8,94,42,52,56,62,71,81,95,90,102,99,125,125,129,131,128,125,124,124.763359565116,131,131,131,125,127,54,54,54,149,32,12,10,16,15,-10,17,23,21,23,21,23
"NEON.D15.ONAQ.DP1.00033_2019",3,3,-1,1,9,9,8,8,8,11,26,9,11,49,46,43,51,51,75,57,73,68,96,94,104,103,109,108,105,102,86,102.298893562429,108,108,108,102,103,29,29,29,127,35,-1,-3,-7,-7,-12,6,11,10,-2,-3,-2
"ninemileprairie_2016",0,0,-5,-2,14,14,13,13,13,16,16,17,21,35,23,36,39,40,55,63,71,67,88,86,105,103,106,106,105,99,90,101.326058453213,105,106,106,99,101,21,21,22,84,-11,6,-6,6,13,-20,-6,-4,-6,-3,-4,-2
"ninemileprairie_2018",-8,-8,-9,-10,4,17,4,16,16,19,21,25,25,36,60,35,42,45,61,72,83,79,110,107,121,116,122,121,119,113,100,111.085451624388,118,121,121,113,114,25,25,25,83,-14,20,17,14,18,1,2,3,0,13,12,14
"ninemileprairie_2019",1,1,1,0,11,11,11,11,11,14,16,19,19,49,42,32,40,40,109,128,62,109,92,88,101,95,104,102,99,92,76,87.8126204810743,98,102,102,92,94,18,18,19,108,49,82,89,33,0,76,24,27,23,16,15,18
"ninemileprairie_2020",-7,-7,-10,-9,17,17,17,17,17,19,20,9,25,43,15,26,34,38,62,56,73,68,92,87,106,104,110,111,108,103,96,99.9820101210682,109,111,111,103,104,26,26,26,128,12,25,25,12,18,14,11,11,7,21,21,22
"oakville_2015",0,2,7,0,10,10,9,9,9,12,6,7,16,62,11,24,27,30,57,52,68,112,97,96,102,99,106,103,101,97,90,96.5698947011019,102,103,103,97,98,24,24,24,123,7,1,-1,-3,0,-11,0,2,2,-1,-2,-1
"oakville_2016",15,-12,20,-13,33,59,32,58,58,61,63,66,67,56,112,66,66,66,103,83,101,143,138,136,136,133,138,136,134,128,110,130.837526668409,134,136,136,128,130,66,66,66,79,12,36,36,24,18,34,23,24,21,31,31,32
"oakville_2017",-47,-46,-46,-49,-3,-3,-9,-9,-9,-4,-41,-36,-36,-55,-23,-53,-52,-50,-2,10,-7,-10,-12,-11,-19,-15,-17,-14,-15,-11,0,-15.1070160897111,-8,-14,-14,-11,-9,-26,-26,-26,4,-8,-26,-24,-1,-2,-1,-22,-22,-25,-32,-32,-30
"oakville_2018",2,2,-2,0,8,8,7,7,7,10,25,8,10,48,45,42,50,50,74,56,72,67,95,93,103,102,108,107,104,101,85,101.298893562429,107,107,107,101,102,28,28,28,126,34,-2,-4,-8,-8,-13,5,10,9,-3,-4,-3
"oakville_2019",4,-1,12,11,-11,-11,17,17,17,23,-2,30,34,5,5,11,7,2,-2,-15,1,-3,-10,-8,-15,-10,-13,-8,-9,-8,-10,-9.81751850090052,-6,-8,-8,-8,-7,38,38,36,18,8,12,18,4,-2,0,8,7,6,5,5,5
"oakville_2020",-16,-16,-19,-17,-21,-21,-9,-9,-9,-14,-2,-21,-31,-31,-22,-38,-39,-39,-31,-21,-15,-16,-16,-15,-23,-17,-23,-19,-19,-19,-12,-18.966241747266,-18,-19,-19,-19,-18,14,14,14,6,-18,-18,-15,-14,-14,-15,-18,-19,-21,-19,-19,-17
"segaarboretummeadow_2018",-21,-22,-18,-22,-13,-13,-12,-12,-12,-12,-10,-7,-8,-18,-11,-28,-25,-26,-15,-15,-23,-25,-28,-26,-32,-28,-32,-29,-29,-25,-16,-29.2734067143122,-23,-29,-29,-24,-23,16,16,15,-8,-19,-19,-14,-22,-23,-23,-6,-7,-8,-14,-14,-13
"segaarboretummeadow_2019",4,4,-4,3,50,50,64,64,64,7,8,13,10,32,57,38,40,43,28,20,86,36,78,80,71,83,72,79,79,78,88,76.3826053877897,79,79,79,78,79,14,14,16,15,58,36,46,79,82,82,48,47,43,39,39,42
"segaarboretummeadow_2020",24,22,29,24,-5,-5,37,37,37,36,1,14,14,32,43,27,31,25,25,-3,27,27,21,24,16,26,7,22,23,24,30,18.7667457288776,26,22,22,24,26,24,24,24,45,28,26,25,26,22,21,38,35,32,26,26,27
"segablackpoint_2019",17,17,19,16,23,23,22,22,22,23,27,14,42,19,17,15,17,19,15,25,24,23,19,20,2,19,9,19,18,18,11,14.9337161379025,18,19,19,18,18,42,42,42,44,25,26,32,19,18,18,40,38,34,26,26,26
"segabluechute_2019",-30,-20,-23,-16,-19,-19,-19,-19,-19,-16,-10,-7,-12,31,39,17,23,28,84,40,49,45,66,66,81,86,85,88,86,87,94,83.2640781561355,91,88,88,87,89,-7,-7,-7,108,98,77,80,102,102,102,73,73,71,56,56,58
"segahartprairie_2020",32,32,28,32,-6,-6,-5,-5,-5,-2,1,9,17,15,5,-11,-10,-9,29,24,31,31,26,27,19,26,18,25,25,27,37,20.1636148929891,30,25,25,27,28,19,19,19,45,35,30,29,35,34,35,41,38,35,22,22,22
"segawhitepockets_2019",21,20,24,19,7,7,31,31,31,34,-48,-30,-22,28,23,31,31,29,14,8,31,30,27,31,16,30,14,27,27,27,34,26.1973179399549,26,27,27,27,27,60,60,60,54,25,8,9,26,22,25,56,55,51,44,44,44
"segawhitepockets_2020",-10,-11,-12,-11,-8,-8,-7,-7,-7,-5,-28,-34,-34,-16,-16,-41,-41,-41,-10,-4,-16,-17,-18,-17,-25,-19,-27,-21,-21,-18,-13,-24.9747704356103,-16,-21,-21,-18,-17,-22,-22,-22,0,-16,-31,-33,-10,-11,-10,-27,-27,-29,-38,-38,-36
"sevilletanewgrass_2020",-6,-6,3,-6,-8,-8,-12,-12,-12,-8,-1,1,2,2,-32,-47,-36,-33,-19,-3,-4,-5,-8,-7,-20,-9,-15,-9,-10,-10,-21,-11.0953580755768,-8,-9,-9,-9,-9,1,1,-92,-36,-9,-38,-26,-7,-8,-7,-18,-15,-19,-46,-47,-44
"srm_2019",5,34,39,3,-1,-1,-2,-2,-2,1,10,6,5,72,57,27,34,42,46,38,68,62,56,52,95,96,95,100,98,98,103,99.7279454905909,102,100,100,98,99,6,6,6,112,-4,-20,-11,-18,-18,-8,1,8,7,0,-1,0
"teddy_2010",-8,9,11,6,14,14,12,12,12,15,17,-33,46,-7,3,-40,-36,-41,9,30,8,9,0,-2,2,-1,6,2,0,-4,-24,-5.57246980040964,2,2,2,-4,-2,-104,-104,-104,20,-19,-2,3,-7,10,5,-65,-63,-66,-86,-87,-85
"teddy_2011",-16,-17,-7,-17,-46,-46,-10,-10,-10,-10,1,6,9,0,-1,44,46,43,-21,-28,-16,-69,-31,-29,-37,-21,-36,-24,-25,-27,-19,-32.904133031203,-25,-24,-24,-27,-26,7,7,7,-11,-3,-5,1,-18,-24,-19,-8,-10,-12,-13,-13,-13
"teddy_2013",3,-1,13,0,-13,-13,-3,-3,-3,-1,11,27,27,21,1,56,58,58,-11,-8,-61,-11,-20,-19,-22,-16,-23,-17,-17,-20,-13,-25.1342414147413,-19,-17,-17,-20,-19,22,22,22,8,10,-2,7,-9,-13,-10,2,-1,-3,-1,-1,-1
"teddy_2014",3,2,5,2,-14,-14,-24,-24,-24,-18,5,8,-2,8,-30,-2,19,19,-26,3,-16,-16,-29,-28,-30,-28,-30,-24,-27,-27,-10,-29.8670381462411,-23,-24,-24,-27,-25,-3,-3,-3,-18,3,-9,-3,-6,-8,-6,-18,-19,-21,-27,-27,-27
"teddy_2017",-18,-18,-23,-19,16,16,6,6,6,8,14,-3,23,-28,1,-8,-9,-19,-20,-15,-66,-71,-39,-39,-31,-27,-30,-26,-28,-31,-37,-36.6371696082778,-27,-26,-26,-31,-29,-7,-7,-7,-6,-24,-10,-7,-19,-19,-19,-35,-37,-40,-34,-34,-34
"teddy_2018",9,9,9,14,29,29,13,13,13,16,7,-15,-15,6,-5,-31,-27,-32,-20,9,-64,-68,-37,-37,-24,-25,-27,-21,-23,-29,-23,-35.8241359751373,-24,-21,-21,-29,-28,-15,-15,-15,-2,1,-5,-2,-6,-5,-7,-30,-32,-34,-37,-37,-36
"tonzi_2012",7,3,3,2,-26,-26,-19,-19,-19,-17,-10,5,12,-3,-17,17,28,13,-22,-11,-73,-23,-48,-47,-38,-36,-39,-31,-33,-35,-30,-43.5072733089954,-31,-31,-31,-35,-34,-22,-22,-22,-16,2,-13,-8,-21,-23,-21,-27,-30,-33,-37,-37,-37
"tonzi_2013",-12,-14,-10,-14,0,0,-2,-2,-2,0,4,-7,-5,-7,0,58,62,60,-27,-1,-28,-29,-42,-41,-42,-39,-44,-37,-39,-40,-33,-42.8225665912903,-36,-37,-37,-40,-39,-5,-5,-5,-31,-10,-18,-11,-17,-22,-17,-25,-28,-30,-33,-33,-33
"tonzi_2014",-2,-3,-7,-5,9,9,8,8,8,11,14,45,47,-1,8,27,27,27,-4,18,-47,-51,-9,-9,-13,-6,-13,-8,-9,-14,-7,-16.0306393839009,-11,-8,-8,-14,-13,27,27,27,18,-2,5,10,2,-3,-3,-2,-4,-8,-6,-6,-6
"tonzi_2015",-4,-5,6,1,-11,-11,4,4,4,3,11,15,20,11,10,62,66,71,-3,7,-55,-59,-14,-13,-20,-12,-17,-13,-14,-13,-8,-20.3023808345176,-10,-13,-13,-13,-12,20,20,20,10,1,-5,1,-5,-6,-6,-1,-1,-2,-7,-7,-7
"tonzi_2016",-8,-7,-5,-8,0,0,-4,-4,-4,-3,2,33,36,5,-4,15,15,14,2,9,-39,-44,-7,-6,-9,-3,-10,-3,-4,-8,-7,-10.4659008627114,-5,-3,-3,-8,-7,26,26,26,-37,11,16,26,-5,-5,-6,-2,-2,-2,-1,-1,-1
"tonzi_2018",-27,-27,-36,-29,-9,-9,-21,-17,-21,-17,-11,-2,-2,-44,-31,-85,-75,-71,-41,-22,-44,-43,-16,-21,-49,-53,-45,-52,-52,-62,-68,-66.8721863299047,-56,-52,-52,-62,-61,-114,-114,-114,-65,-19,-38,-30,-43,-44,-42,-67,-71,-75,-88,-88,-87
"tonzi_2019",-10,-10,9,-14,-19,-19,-26,-26,-26,-23,-23,-16,-5,-25,-38,-12,-6,-16,-39,-20,-43,-42,-26,-32,-47,-51,-44,-49,-50,-60,-60,-65.690589108476,-54,-49,-49,-60,-59,-39,-39,-40,-35,3,-36,-29,-40,-42,-36,-58,-62,-66,-69,-69,-70
"tonzi_2020",48,47,44,48,-26,-26,-32,-32,-32,-26,-20,-15,-15,32,-41,-13,12,25,-26,-2,-12,-11,-21,-27,-19,-23,-20,-20,-22,-28,-28,-32.1665034968457,-21,-20,-20,-28,-26,-16,-16,-16,-24,23,-10,-11,-16,-9,-19,-41,-42,-44,-60,-60,-59
"tuckerprairie_2019",-23,-23,-16,-25,31,31,23,24,23,28,30,24,23,-32,14,-14,-25,-36,-1,18,-5,-3,-2,-11,-15,-15,-11,-13,-15,-22,-25,-27.1069839811761,-16,-13,-13,-22,-20,-8,-8,-8,6,-27,-1,3,-3,-2,-5,-53,-54,-60,-51,-51,-50
"tuckerprairie_2020",14,14,9,16,-12,-12,-16,-16,-16,-11,-52,-60,-1,-16,-36,-60,-37,-44,-47,-28,-46,-45,-33,-39,-58,-58,-50,-54,-57,-67,-72,-74.8399223563887,-60,-54,-54,-67,-65,-78,-78,-78,-36,-14,-43,-41,-55,-45,-53,-81,-82,-83,-94,-94,-93
"uiefprairie_2010",15,15,6,14,-32,-32,-38,-38,-38,-33,-32,-22,-21,-4,-40,-22,-22,-26,-37,-19,-40,-39,-47,-51,-51,-53,-49,-49,-51,-59,-63,-66.2683151820719,-53,-49,-49,-59,-58,-56,-56,-56,-67,-10,-32,-27,-41,-42,-43,-63,-66,-69,-76,-76,-75
"uiefprairie_2011",-19,-19,4,-20,-17,-17,-24,-24,-24,-21,-5,5,5,-14,-30,-30,-33,-39,-21,-1,-22,-21,-21,-24,-28,-31,-29,-30,-32,-41,-40,-47.1694534113074,-35,-30,-30,-41,-39,-14,-14,-14,-30,-3,-15,-10,-23,-22,-26,-45,-49,-54,-56,-56,-55
"uiefprairie_2012",33,32,23,29,19,19,6,6,6,11,15,31,31,15,7,12,13,8,-10,10,-17,-15,-18,-23,-19,-24,-22,-24,-25,-31,-27,-37.4912754078807,-25,-24,-24,-31,-30,-9,-9,-10,-56,11,-11,-2,-11,-14,-10,-30,-30,-32,-35,-35,-35
"uiefprairie_2013",-36,-35,-43,-37,-18,-18,-27,-27,-27,-23,-6,-5,-5,-37,-27,-24,-29,-35,-23,-2,-25,-25,-46,-48,-30,-35,-38,-34,-36,-43,-33,-43.1680332216654,-38,-34,-34,-43,-42,-24,-24,-24,-18,-35,-18,-14,-30,-26,-33,-51,-54,-59,-49,-49,-48
"uiefprairie_2014",9,7,7,8,-46,-46,-49,-49,-49,-45,-35,-36,-26,-8,-58,-41,-36,-36,-44,-23,-37,-36,-50,-56,-48,-49,-45,-44,-47,-51,-65,-50.6712919121469,-45,-44,-44,-51,-49,-41,-41,-41,-50,-10,-32,-30,-34,-32,-35,-58,-60,-62,-73,-73,-73
"uiefprairie_2015",-21,-21,-32,-24,13,13,7,7,7,11,-3,6,4,-42,2,-25,-25,-32,-20,-1,-22,-21,-20,-25,-34,-33,-30,-31,-33,-39,-44,-40.3765649302065,-34,-31,-31,-39,-38,-25,-25,-25,-11,-35,-18,-13,-19,-19,-21,-60,-61,-65,-58,-58,-58
"uiefprairie_2016",-34,-34,-9,-6,-26,-26,-33,-32,-33,-26,-47,-47,-16,-36,-50,-74,-73,-74,-60,-41,-60,-58,-54,-60,-73,-72,-65,-67,-71,-79,-90,-81.5631214820667,-71,-67,-67,-79,-77,-74,-74,-74,-49,-42,-56,-52,-60,-57,-62,-92,-93,-95,-104,-104,-102
"uiefprairie_2017",-15,-15,-24,-17,-49,-49,-55,-55,-55,-51,-50,-43,-37,-34,-59,-39,-38,-41,-56,-37,-58,-58,-71,-73,-71,-71,-68,-67,-69,-76,-88,-78.8399317982926,-70,-67,-67,-76,-74,-73,-73,-73,-51,-30,-50,-44,-58,-59,-58,-78,-81,-83,-83,-83,-83
"uiefprairie_2018",-8,-7,-14,-8,-14,-14,-27,-25,-27,-17,-14,-17,-16,-21,-28,1,13,11,-50,-31,-99,-53,-67,-71,-66,-66,-62,-61,-65,-71,-70,-71.7824122566888,-64,-61,-61,-71,-69,-46,-46,-48,-60,-16,-47,-38,-44,-47,-43,-68,-70,-72,-72,-72,-72
"usgseros_2015",4,6,-3,3,-5,-5,-14,-14,-14,-9,-4,11,12,-5,-12,13,13,11,-29,-9,-36,-34,-42,-44,-41,-43,-42,-42,-44,-48,-50,-51.1487265834324,-43,-42,-42,-48,-47,-26,-26,-27,-23,-17,-30,-21,-29,-31,-27,-49,-49,-51,-50,-50,-50
"usgseros_2016",19,22,16,22,-18,-18,-30,-30,-30,-24,-28,-25,-4,-4,-35,-25,-25,-25,-20,3,-19,-18,-26,-30,-27,-31,-31,-28,-31,-37,-34,-37.6526557097076,-32,-28,-28,-37,-36,-25,-25,-25,-66,3,-10,-8,-29,-23,-32,-43,-44,-45,-46,-46,-46
"usgseros_2017",-5,-3,-12,-6,14,14,4,4,4,9,25,27,27,-8,5,11,7,-3,9,29,6,7,-15,-17,1,-4,-6,-3,-5,-11,-1,-11.4659896226697,-7,-3,-3,-11,-10,11,11,11,14,-3,14,18,1,5,-2,-19,-22,-27,-17,-17,-16
"usgseros_2019",41,40,38,39,-15,-15,-18,-18,-18,-14,-4,-5,5,27,-27,-7,-2,-4,-13,7,-6,-5,-20,-26,-17,-18,-15,-13,-17,-20,-34,-19.8721957718086,-14,-13,-13,-20,-18,-10,-10,-10,-19,21,-1,1,-3,-1,-4,-27,-29,-31,-42,-42,-42
"usgseros_2020",3,4,-8,1,34,34,28,28,28,32,18,27,25,-18,22,-5,-4,-10,1,20,-1,0,0,-5,-13,-12,-10,-10,-12,-18,-22,-19.6255701369785,-13,-10,-10,-18,-17,-4,-4,-4,9,-15,3,8,2,2,0,-39,-40,-44,-37,-37,-37
"vaira_2012",-4,7,22,24,4,4,-3,-3,-3,4,-17,-8,14,-6,-20,-44,-41,-43,-30,-11,-30,-29,-24,-30,-43,-42,-35,-37,-41,-49,-59,-51.8058378201352,-42,-37,-37,-49,-48,-44,-44,-44,-19,-13,-26,-23,-31,-27,-32,-62,-63,-65,-74,-74,-72
"vaira_2013",22,22,15,21,-12,-12,-19,-19,-19,-14,-13,-6,0,4,-21,-1,-1,-2,-19,0,-21,-21,-35,-37,-34,-34,-31,-30,-33,-39,-50,-42.0821382280878,-33,-30,-30,-39,-37,-36,-36,-36,-14,6,-13,-7,-21,-22,-21,-41,-44,-46,-46,-46,-46
"vaira_2014",4,4,-2,3,18,18,7,7,7,12,19,30,31,6,0,11,11,11,1,21,0,0,-4,-6,-8,-9,-7,-8,-10,-17,-18,-18.4371646966692,-11,-8,-8,-17,-15,11,11,11,-7,22,7,13,2,1,1,-16,-19,-22,-20,-20,-19
"vaira_2015",38,36,29,35,27,27,18,18,18,22,28,43,44,27,20,45,45,43,3,23,-4,-2,-11,-13,-9,-11,-10,-11,-12,-17,-17,-19.4296860419948,-11,-11,-11,-17,-15,6,6,4,9,15,2,11,3,0,5,-17,-17,-19,-18,-18,-18
"vaira_2016",31,31,24,30,-11,-11,-23,-23,-23,-18,-21,-11,3,8,-28,-18,-17,-18,-13,10,-12,-11,-21,-24,-20,-24,-24,-21,-24,-30,-27,-30.9744078301303,-25,-21,-21,-30,-29,-18,-18,-18,-60,9,-4,-2,-23,-16,-25,-36,-37,-38,-39,-39,-39
"vaira_2017",-46,-46,-65,-60,-73,-73,-84,-84,-84,-80,-75,-68,-57,-73,-88,-69,-69,-69,-90,-69,-90,-90,-105,-105,-100,-99,-99,-98,-100,-107,-106,-107.789611406761,-101,-98,-98,-107,-106,-77,-77,-77,-112,-70,-83,-75,-87,-88,-88,-105,-108,-110,-106,-106,-106
"vaira_2019",-27,-28,-27,-29,-34,-34,-43,-43,-43,-42,-34,-25,-23,-34,-41,-10,-6,-7,-58,-36,-64,-63,-82,-83,-69,-71,-72,-71,-72,-76,-67,-78.0622423635271,-71,-71,-71,-76,-74,-48,-48,-48,-51,-45,-57,-49,-57,-59,-56,-74,-74,-75,-74,-74,-74
"vaira_2020",27,26,26,28,-23,-23,-33,-33,-33,-31,-32,-26,-5,16,-40,-26,-18,-22,-24,-2,-67,-21,-41,-43,-32,-34,-35,-32,-34,-40,-35,-40.4969939340643,-35,-32,-32,-40,-38,-26,-26,-26,-8,-1,-13,-12,-34,-33,-35,-50,-50,-50,-60,-60,-58
